Term,Frequency
we,3568
algo,2108
comput,1990
polynomi,1654
system,1450
use,1349
algebra,1216
base,1120
method,1054
can,955
model,948
which,914
our,885
problem,882
func,800
from,767
present,754
symbol,743
equat,706
result,681
paper,668
differenti,630
linear,630
approach,627
new,611
complex,594
set,554
show,525
number,522
one,513
implement,510
order,503
propos,490
s,490
program,482
general,480
two,470
case,458
have,450
also,446
over,446
learn,443
solut,433
given,425
theori,421
differ,419
solv,419
generat,418
first,417
data,416
effici,414
applic,411
provid,404
proc,400
has,400
oper,398
it,397
field,394
structur,392
variabl,375
form,373
term,372
some,371
work,364
integr,360
real,352
decomposit,349
perform,341
ideal,340
studi,339
time,336
techniqu,332
bound,331
matrix,328
finit,326
net,321
ration,319
multipl,318
exist,314
basi,314
represent,310
numer,308
more,306
languag,305
graph,305
relat,304
coeffici,303
express,301
optim,297
introduc,293
all,290
non,282
reason,282
exampl,281
been,280
degre,279
logic,271
well,270
how,270
prove,269
matric,269
state,269
input,269
give,267
both,264
factor,263
evalu,259
devel,258
reduct,256
analysi,256
appli,256
mani,255
describ,253
improv,252
point,245
construct,244
transform,241
approxim,238
larg,237
paramet,236
space,236
deriv,235
sequenc,235
knowledg,235
gr,235
framework,233
properti,233
sever,232
when,232
proof,231
particular,231
find,228
allow,227
than,226
other,225
consid,225
effect,222
tool,222
demonstr,222
where,221
determin,218
reduc,218
mathemat,218
machin,218
design,214
between,213
dynam,209
formula,209
known,208
neural,208
under,206
root,205
condit,203
onli,201
zero,201
obtain,200
domain,198
requir,197
extend,196
task,196
class,195
seri,194
recent,194
includ,193
spars,192
constraint,191
formal,188
elimin,184
make,182
e,182
compar,182
test,180
defin,179
invari,179
n,178
obner,177
sum,176
arithmet,175
combin,175
exact,174
product,172
ani,171
while,171
complet,171
experi,170
extens,169
specif,169
project,169
verif,168
varieti,167
i,167
size,165
power,165
call,163
theorem,161
posit,161
group,161
howev,161
previous,161
addit,159
ring,159
natur,158
interpret,158
special,156
g,156
most,156
dimension,153
integ,153
multivari,152
valu,151
minim,151
univari,151
output,151
calcul,150
possibl,150
import,150
second,150
control,149
d,148
rule,147
practic,146
high,145
packag,144
type,144
distribut,144
continu,143
may,142
step,142
partial,141
concept,141
generic,141
abstract,140
cad,140
lead,139
fast,139
f,139
automat,138
characterist,138
featur,137
classic,137
so,136
intellig,136
solver,136
repres,135
way,135
novel,134
geometri,134
code,134
satisfi,133
identifi,133
them,132
via,132
p,131
groebner,129
discuss,129
up,128
strategi,128
iter,128
human,128
search,127
adapt,127
same,126
softwar,126
normal,125
dimens,125
illustr,125
support,125
each,124
singular,124
theoret,123
1,123
multi,122
about,122
direct,121
synt,121
correct,120
explicit,120
achiev,120
parametr,120
respect,119
inform,119
without,119
check,119
challeng,119
simpl,118
main,118
mem,118
modul,118
regular,118
precis,117
parallel,116
nonlinear,116
experiment,116
certain,115
artifici,115
do,115
analyt,115
telescop,115
dataset,115
like,114
estim,114
error,113
associ,112
rewrit,111
part,111
recur,111
various,110
consist,110
three,110
through,110
object,109
verifi,109
contain,109
research,108
cylindr,108
enabl,107
correspond,107
autom,107
curv,106
standard,106
level,105
need,105
tropic,105
2,104
common,104
explain,104
interpol,104
mapl,102
investig,102
avail,102
c,101
initi,101
benchmark,101
semant,100
connect,100
train,100
tensor,99
version,98
us,98
signific,98
exponenti,98
often,98
x,97
discret,97
further,97
arbitrari,97
probabilist,97
cost,97
depend,96
question,96
constant,96
loop,95
key,95
articl,94
commut,94
singl,94
origin,94
compon,94
triangular,94
quantum,93
involv,93
r,93
rank,93
whose,93
context,93
close,92
local,92
vector,92
art,92
produc,91
those,91
free,90
idea,90
whether,90
even,90
element,89
analyz,89
asymptot,89
interest,89
conjectur,89
architectur,89
encod,89
final,88
3,88
mean,88
limit,88
termin,87
pair,87
definit,87
here,87
infer,87
open,87
physic,87
focus,87
quadrat,87
within,86
interact,86
engin,86
protocol,86
manipul,86
classif,85
out,85
scienc,85
furthermor,85
exploit,85
squar,85
thus,84
current,83
small,83
tree,83
shown,83
basic,83
random,83
take,83
instanc,82
explor,82
q,82
moreov,81
invers,81
recurr,81
decis,81
hypergeometr,81
predict,81
stabil,81
follow,80
veri,80
aim,80
equival,80
due,80
answer,80
reli,80
user,79
librari,79
scheme,79
pattern,79
select,79
formul,78
symmetr,78
famili,78
mechan,78
semi,78
choic,77
ordinari,77
modular,77
notion,76
decid,76
m,76
signatur,76
quantifi,76
increas,76
certif,76
expans,74
circuit,74
k,73
newton,73
observ,73
block,72
doe,72
hybrid,72
independ,72
map,72
potenti,71
deep,71
transfer,71
report,70
simul,70
scale,70
prime,70
mix,70
binomi,70
geometr,70
surfac,70
discov,70
understand,70
regress,70
calculus,69
valid,69
variant,69
capabl,69
area,69
higher,69
establish,69
ode,69
view,69
address,68
heurist,68
still,68
better,68
run,67
homogen,67
chang,67
boolean,67
subresult,66
t,66
detect,66
nest,65
combinatori,65
suffici,65
symmetri,65
purpos,64
similar,64
aris,64
execut,64
creativ,64
fundament,63
wide,63
elementari,63
rang,63
action,63
extract,63
match,62
gcd,62
success,62
modulo,62
cell,62
probabl,62
were,61
advantag,61
build,61
visual,61
best,61
fix,61
altern,61
plane,61
toward,61
faster,61
isol,61
accuraci,61
interv,61
robust,61
comprehens,61
quasi,60
abl,60
bit,60
discrimin,60
sinc,59
could,59
composit,59
smt,59
agent,59
made,58
decompos,58
help,58
yield,58
adic,58
be,58
lattic,58
goal,57
avoid,57
among,57
motiv,57
bner,57
explan,57
pre,56
mathematica,56
therefor,56
uniqu,56
equal,56
sourc,56
sat,56
toric,56
much,56
appear,56
name,55
path,55
unif,54
4,54
advanc,54
assumpt,54
measur,54
sampl,54
translat,53
literatur,53
behavior,53
author,53
typic,53
monomi,53
issu,53
unit,53
statist,53
intern,53
world,53
handl,52
strong,52
abil,52
fact,52
character,52
global,52
biolog,52
good,52
usual,52
dure,52
discoveri,52
holonom,52
low,51
determinist,51
across,51
principl,51
upper,51
contribut,51
unknown,51
weight,51
critic,51
employ,51
inequ,51
game,51
remain,51
becom,50
found,50
relev,50
realiz,50
preserv,50
detail,50
insight,50
criterion,50
border,50
necessari,50
tradit,49
descript,49
note,49
ident,49
lower,49
essenti,49
few,49
leverag,49
restrict,48
bivari,48
sub,48
list,48
suitabl,48
end,48
imag,48
scientif,48
chain,48
modifi,48
either,47
refin,47
offer,47
role,47
hilbert,47
index,47
text,47
increment,47
relationship,47
certifi,47
workshop,47
reaction,47
environ,46
driven,46
gaussian,46
outperform,46
competit,46
incorpor,46
constrain,46
polici,46
embed,45
0,45
refer,45
h,45
year,45
shift,45
period,45
buchberg,44
attack,44
deal,44
concern,44
fraction,44
enhanc,44
homotopi,44
yet,44
dae,44
consequ,44
intersect,44
short,44
perturb,44
contract,44
guid,43
claus,43
occur,43
indic,43
simplifi,43
specifi,43
univers,43
hand,43
suggest,43
core,43
count,43
converg,43
divis,43
long,43
event,43
guarante,43
cognit,43
util,42
come,42
variat,42
criteria,42
reconstruct,42
affin,42
exhibit,42
separ,42
accur,42
analog,42
anoth,42
moment,42
creat,42
prover,41
parameter,41
full,41
b,41
law,41
benefit,41
togeth,41
line,41
compact,41
difficult,41
primit,41
hypertext,41
comparison,40
four,40
box,40
stabl,40
methodolog,40
especi,40
configur,40
captur,40
lift,40
quotient,40
coordin,40
induct,40
empir,40
flow,40
summat,40
region,40
compil,40
ground,39
paradigm,39
residu,39
cas,39
attent,39
style,39
f5,39
aspect,38
radic,38
multipli,38
collect,38
partit,38
remaind,38
laurent,38
decod,38
becaus,38
contrast,38
rigor,38
progress,38
trivial,37
least,37
major,37
length,37
transit,37
behaviour,37
word,37
lie,37
back,37
cover,37
assum,37
zeilberg,37
sign,37
eigenvalu,37
expert,37
start,36
feasibl,36
metric,36
distanc,36
done,36
diagon,36
ad,36
predic,36
recov,36
rate,36
stor,36
fail,36
gradient,36
communiti,36
place,36
prior,36
written,35
ensur,35
binari,35
accord,35
everi,35
total,35
stage,35
along,35
rather,35
befor,35
polytop,35
hermit,35
self,35
node,35
syzygi,34
turn,34
5,34
negat,34
logarithm,34
flexibl,34
kind,34
target,34
fulli,34
irreduc,34
chemic,34
what,34
perspect,34
activ,34
safeti,34
sr,34
last,33
conserv,33
substitut,33
o,33
infinit,33
topolog,33
combinator,33
communic,33
sens,33
homolog,33
ore,33
implicit,33
access,33
augment,33
l,33
steadi,33
distinct,32
modern,32
inspir,32
promis,32
hold,32
although,32
argument,32
futur,32
reach,32
pure,32
choos,32
henc,32
larger,32
involut,32
et,32
al,32
interfac,32
secur,32
trajectori,32
robot,32
stochast,32
feynman,31
routin,31
built,31
after,31
hard,31
share,31
unifi,31
emerg,31
now,31
enumer,31
third,31
lex,31
dual,31
consider,31
entri,31
alreadi,31
galoi,31
scalabl,31
beyond,31
averag,31
tackl,30
systemat,30
par,30
top,30
hardwar,30
smooth,30
jacobian,30
queri,30
link,30
plan,30
easili,30
near,30
qualiti,30
central,30
smart,30
neuro,30
black,29
harmon,29
categori,29
simultan,29
would,29
intermedi,29
side,29
worst,29
align,29
maxim,29
instead,29
technolog,29
play,29
expect,29
divisor,29
fglm,29
causal,29
split,28
float,28
gap,28
carri,28
lack,28
automata,28
diagram,28
compat,28
assist,28
templat,28
analys,28
against,28
phase,28
smaller,28
survey,28
background,27
easi,27
skew,27
genet,27
convers,27
left,27
less,27
z,27
latter,27
doubl,27
account,27
difficulti,27
weak,27
shape,27
boundari,27
simplif,27
candid,27
chordal,27
reinforc,27
emot,27
review,26
desir,26
etc,26
facilit,26
impli,26
closur,26
individu,26
let,26
determinant,26
off,26
joint,26
sparsiti,26
puzzl,26
remov,26
math,26
com,26
sos,26
relax,26
truth,26
julia,26
adversari,26
simpler,25
encrypt,25
solvabl,25
extra,25
dens,25
public,25
highlight,25
far,25
convex,25
must,25
subset,25
grobner,25
substanti,25
convert,25
web,25
crucial,25
quantiti,25
great,25
runtim,25
down,25
semidefinit,25
profil,25
track,25
edg,25
updat,25
proper,24
kernel,24
abov,24
pdes,24
redund,24
document,24
actual,24
canon,24
script,24
noncommut,24
maximum,24
unlik,24
quit,24
scalar,24
write,24
assign,24
euclidean,24
tempor,24
situat,24
popular,24
expon,24
speed,24
propag,24
u,24
collis,24
acl2,24
valuat,24
horn,24
speci,24
govern,24
scenario,24
uniform,23
upon,23
quaternion,23
demand,23
magnitud,23
extern,23
hyperexponenti,23
almost,23
format,23
right,23
annihil,23
just,23
adopt,23
primari,23
taylor,23
branch,23
motion,23
social,23
introduct,22
entir,22
effort,22
proven,22
reachabl,22
bezout,22
cannot,22
cluster,22
forward,22
divers,22
complic,22
concret,22
subject,22
hypersurfac,22
v,22
round,22
return,22
prolog,22
expand,22
superior,22
stream,22
sound,22
fit,22
vari,22
smith,22
row,22
mode,22
mont,22
maintain,22
admit,22
despit,22
domin,22
recognit,22
overview,22
hierarch,22
layer,22
nearest,22
bridg,22
gate,22
novelti,22
tate,22
foundat,21
failur,21
statement,21
prototyp,21
revisit,21
clifford,21
fewer,21
fourier,21
label,21
massiv,21
examin,21
equilibria,21
should,21
cyclic,21
know,21
compress,21
chosen,21
truncat,21
orthogon,21
jacobi,21
isomorph,21
ontolog,21
python,21
carlo,21
extrem,21
tabl,21
presenc,21
reliabl,21
sc,21
pose,21
regard,21
github,21
music,21
linkag,20
j,20
modif,20
suit,20
incomplet,20
counterpart,20
commonsens,20
induc,20
resolut,20
revers,20
pseudo,20
seem,20
intuit,20
preliminari,20
read,20
get,20
act,20
ii,20
w,20
move,20
clear,20
ellipt,20
strassen,20
impact,20
subdivis,20
bring,20
bilinear,20
uncertainti,20
doubli,20
aid,20
vanish,20
grow,20
issac,20
rotat,20
qe,20
econom,20
tune,20
sdp,20
neurosymbol,20
appropri,19
replac,19
confirm,19
distinguish,19
treat,19
care,19
own,19
coq,19
might,19
gain,19
whole,19
compos,19
weyl,19
perfect,19
log,19
alway,19
signal,19
decreas,19
volum,19
topic,19
add,19
rich,19
broad,19
convolut,19
cone,19
heap,19
preprocess,19
latent,19
vulnerab,19
rl,19
kinemat,19
manual,18
proposit,18
frequent,18
reveal,18
too,18
overal,18
recogn,18
satur,18
analogu,18
earli,18
chines,18
equidimension,18
cohomolog,18
usag,18
manner,18
speedup,18
notat,18
conjunct,18
planar,18
nonneg,18
affect,18
minor,18
precondit,18
receiv,18
10,18
taken,18
five,18
greatest,18
unfortun,18
attempt,18
column,18
earlier,18
tight,18
macaulay,18
coupl,18
denomin,18
reflect,18
desingular,18
who,18
guess,18
locat,18
conduct,18
asp,18
simpli,17
deduct,17
curvatur,17
convent,17
miss,17
balanc,17
andrew,17
sequenti,17
evolut,17
deduc,17
amount,17
virtual,17
seen,17
trace,17
nois,17
6,17
sylvest,17
littl,17
accept,17
tractabl,17
cach,17
assess,17
height,17
cryptograph,17
face,17
fine,17
indefinit,17
serv,17
besid,17
likelihood,17
wilf,17
autonom,17
organ,17
static,16
rapid,16
transcendent,16
y,16
cryptosystem,16
digit,16
polylogarithm,16
behind,16
strict,16
densiti,16
cubic,16
orient,16
absolut,16
technic,16
riemann,16
adjoint,16
kroneck,16
loss,16
intens,16
straightforward,16
atom,16
collabor,16
evid,16
his,16
conclud,16
subspac,16
publish,16
sort,16
resolv,16
strength,16
chebyshev,16
bifurc,16
identif,16
divid,16
f4,16
chow,16
thought,16
except,16
trade,16
latex,16
vision,16
rais,16
heterogen,16
overdetermin,16
showcas,16
cipher,16
bodi,16
superposit,16
skill,16
thesi,15
confluenc,15
equip,15
look,15
databa,15
decad,15
dedic,15
pde,15
necessarili,15
belong,15
conveni,15
permut,15
around,15
wherea,15
post,15
resourc,15
busi,15
mine,15
mccallum,15
evolv,15
educ,15
popul,15
deploy,15
instanti,15
filter,15
server,15
overcom,15
until,15
depth,15
industri,15
privaci,15
sensit,15
dualiti,15
awar,15
entiti,15
norm,15
invert,15
influenc,15
degener,15
lazard,15
proport,15
remark,15
overhead,15
princip,15
19,15
tower,15
seamless,15
mobil,15
content,15
onlin,15
oracl,15
insert,15
polyhedr,15
save,15
kinas,15
maud,15
2020,15
versatil,14
hopf,14
string,14
conceptu,14
frame,14
hidden,14
devis,14
np,14
constitut,14
subsystem,14
la,14
th,14
el,14
student,14
7,14
computab,14
nontrivi,14
fold,14
notabl,14
hierarchi,14
attract,14
encount,14
poisson,14
span,14
newli,14
subclass,14
prescrib,14
array,14
eleg,14
player,14
protein,14
correl,14
score,14
itself,14
amort,14
mahler,14
record,14
keep,14
co,14
argu,14
intrins,14
walk,14
cross,14
noisi,14
neighbor,14
2018,14
baselin,14
percept,14
scene,14
operad,14
multimod,14
8,13
counterexampl,13
surpris,13
matter,13
maxima,13
lot,13
multidimension,13
locus,13
therebi,13
manag,13
sometim,13
reader,13
lazi,13
acceler,13
enough,13
subsequ,13
uncertain,13
gb,13
next,13
deflat,13
descart,13
gvw,13
repeat,13
command,13
meaning,13
talk,13
suffer,13
rigid,13
rur,13
infeas,13
hessian,13
sagemath,13
spatial,13
lyapunov,13
imper,13
golay,13
reus,13
video,13
2021,13
mathpartn,13
cran,13
lambda,12
bind,12
calculi,12
concis,12
gauss,12
platform,12
throughout,12
fragment,12
concurr,12
provabl,12
want,12
put,12
moor,12
smallest,12
lemma,12
growth,12
tutori,12
intend,12
generalis,12
covari,12
eye,12
puiseux,12
replic,12
monoton,12
ritt,12
deform,12
straight,12
famous,12
cycl,12
understood,12
go,12
perman,12
diverg,12
annot,12
gave,12
pass,12
lu,12
say,12
23,12
integrand,12
tile,12
tend,12
tri,12
abramov,12
implic,12
qualit,12
middl,12
frobenius,12
persist,12
safe,12
section,12
exhaust,12
retriev,12
margin,12
ten,12
kinet,12
cyber,12
raw,12
kg,12
dialogu,12
devot,11
fastest,11
onc,11
inde,11
though,11
orbit,11
ask,11
prompt,11
fashion,11
brief,11
easier,11
prone,11
half,11
markov,11
cancel,11
indetermin,11
lectur,11
invit,11
molecular,11
que,11
prs,11
permit,11
van,11
flat,11
hankel,11
lacunari,11
declar,11
sudoku,11
multihomogen,11
unbound,11
pole,11
transpar,11
brain,11
break,11
ansatz,11
alpha,11
electron,11
emphasi,11
gpgcd,11
quartic,11
outlin,11
freeli,11
reflex,11
center,11
sage,11
pfaffian,11
inher,11
pommaret,11
2013,11
team,11
caus,11
creation,11
summar,11
bottleneck,11
pslq,11
recoveri,11
date,11
noetherian,11
odd,11
revolut,11
seek,11
draw,11
big,11
quick,11
accompani,11
sentenc,11
bruhat,11
servic,11
eigenvector,11
think,11
disciplin,11
blockchain,11
belief,11
efficaci,11
obfusc,11
bayesian,11
clue,11
quorum,11
supervis,11
struggl,11
accumul,11
reasonx,11
beam,11
rise,10
complement,10
obvious,10
prevent,10
again,10
led,10
believ,10
quantit,10
fair,10
scope,10
coher,10
past,10
facil,10
resp,10
consum,10
transcend,10
energi,10
mention,10
entropi,10
cours,10
stand,10
matlab,10
tame,10
edit,10
site,10
gramm,10
en,10
medic,10
inconsist,10
whi,10
simplex,10
asf,10
mellin,10
magma,10
cooper,10
spectrum,10
wise,10
2009,10
simplic,10
iii,10
succeed,10
thing,10
monic,10
thank,10
cut,10
wit,10
six,10
treatment,10
sigma,10
regularchain,10
whenev,10
freedom,10
true,10
begin,10
defici,10
tticad,10
alon,10
thousand,10
fuzzi,10
jordan,10
entail,10
charact,10
absenc,10
quasisepar,10
arbitrarili,10
camera,10
client,10
option,10
lean,10
williamson,10
capac,10
jl,10
insuffici,10
particip,10
imandra,10
instruct,10
tension,10
drug,10
phosphoryl,10
contextu,10
2022,10
opac,10
stratif,10
concentr,9
adjust,9
outcom,9
nonsingular,9
categor,9
explos,9
coverag,9
fft,9
mutual,9
conjug,9
cryptanalysi,9
axiomat,9
delay,9
had,9
einstein,9
hyperbol,9
hensel,9
heavi,9
undecid,9
programm,9
vertic,9
fs,9
acronym,9
themselv,9
minimum,9
hope,9
frequenc,9
elabor,9
ingredi,9
sophist,9
20,9
abelian,9
kolmogorov,9
canonic,9
hundr,9
million,9
prefer,9
subfield,9
render,9
hereditarili,9
motzkin,9
meet,9
former,9
noether,9
item,9
specialis,9
held,9
confer,9
15,9
leav,9
modal,9
tailor,9
briefli,9
union,9
poor,9
2010,9
today,9
valuabl,9
28,9
pilot,9
wu,9
heptadiagon,9
genus,9
penros,9
consensus,9
releas,9
macro,9
narrow,9
phenomenon,9
cloud,9
particl,9
segment,9
multilinear,9
hoc,9
summabl,9
appar,9
risch,9
mass,9
echelon,9
pivot,9
trigonometr,9
grade,9
expens,9
diferenciaci,9
exchang,9
canal,9
soft,9
fluid,9
tripl,9
nice,9
wolfram,9
2016,9
supplementari,9
histori,9
2x2,9
multistationar,9
cass,9
berlekamp,9
massey,9
compromis,9
re,9
don,9
corpus,9
attribut,9
chc,9
unsatisfi,9
mizar,9
conflict,9
realist,9
pipelin,9
vpt,9
seed,9
sanm,9
anm,9
shot,9
nl,9
hypergraph,9
clip,9
hint,9
scone,9
spacetim,8
light,8
curti,8
claim,8
fals,8
backward,8
unexpect,8
laplac,8
piecewis,8
equilibrium,8
14,8
spectral,8
poincar,8
channel,8
immedi,8
lagrang,8
ezout,8
hermitian,8
slam,8
collin,8
seven,8
fiber,8
moder,8
markup,8
rdf,8
sketch,8
subroutin,8
conclus,8
unir,8
quantiz,8
las,8
diagnosi,8
internet,8
tupl,8
haskel,8
weierstrass,8
friend,8
java,8
gf,8
uncondit,8
admiss,8
30,8
merg,8
he,8
satisfact,8
master,8
toy,8
unmix,8
25,8
fault,8
nevertheless,8
oscil,8
termgraph,8
exclus,8
faug,8
ere,8
2002,8
piec,8
min,8
max,8
mathematician,8
huge,8
meta,8
cnf,8
nullstellensatz,8
centuri,8
fourth,8
goe,8
companion,8
ddes,8
maxwel,8
twofold,8
interior,8
hamiltonian,8
laderman,8
gerdt,8
2012,8
regul,8
rdu,8
ignor,8
readabl,8
utilis,8
del,8
life,8
symposium,8
theorema,8
pan,8
secret,8
adjac,8
picard,8
nucad,8
equivari,8
sas,8
machineri,8
loci,8
lagrangian,8
hexapod,8
eight,8
optic,8
linguist,8
intric,8
parti,8
funnel,8
veloc,8
ultim,8
sakata,8
lib,8
popov,8
qbf,8
phenomena,8
respons,8
dsl,8
bias,8
manifold,8
finder,8
garbag,8
abund,8
agnost,8
fuse,8
mechanist,8
gp,8
evolutionari,8
compet,8
org,8
unsupervis,8
adr,8
acquir,8
poet,8
yeast,8
efo,8
vsa,8
wake,8
whitney,8
uniglyph,8
protect,7
young,7
liouvill,7
decoupl,7
12,7
multiset,7
epsilon,7
star,7
opaqu,7
turi,7
emphas,7
possess,7
reformul,7
celebr,7
thread,7
checker,7
hide,7
9,7
characteris,7
pentadiagon,7
16,7
mind,7
connectionist,7
varianc,7
complementari,7
diabet,7
kaltofen,7
super,7
slow,7
closest,7
attain,7
denot,7
toler,7
lll,7
aforement,7
9th,7
promot,7
gradual,7
revis,7
delta,7
priori,7
prune,7
nomin,7
largest,7
motif,7
deeper,7
counter,7
tactic,7
cryptographi,7
fuchsian,7
predefin,7
sturm,7
quadric,7
affirm,7
intuitionist,7
discontinu,7
formalis,7
hyperplan,7
longer,7
vega,7
justifi,7
unstabl,7
dramat,7
wider,7
grassmannian,7
uncov,7
cofactor,7
sharp,7
pump,7
petri,7
inclus,7
2011,7
display,7
6r,7
flaw,7
compens,7
1970s,7
arrang,7
switch,7
shuffl,7
cyclotom,7
cauchi,7
dlmf,7
wave,7
gcrd,7
kepler,7
institut,7
never,7
diseas,7
comp,7
una,7
atica,7
chen,7
harmonicsum,7
compris,7
petkovsek,7
genp,7
1995,7
diophantin,7
inject,7
trend,7
trust,7
roadmap,7
projector,7
11,7
outsid,7
toolkit,7
sdps,7
subgraph,7
sm,7
liouvillian,7
hypothes,7
gather,7
sextic,7
bistabl,7
enforc,7
minrank,7
reward,7
stencil,7
retain,7
synchr,7
deobfusc,7
bug,7
coset,7
biomodel,7
extrapol,7
ik,7
adder,7
rtl,7
tonal,7
fidel,7
dcl,7
centric,7
counterfactu,7
mvp,7
mimo,7
cgs,7
trojan,7
manufactur,7
chao,7
fusion,7
symforc,7
hypervector,7
assembl,7
casper,7
anticip,7
fad,7
kopel,7
cgpo,7
arlc,7
phonet,7
empti,6
rbf,6
theme,6
inherit,6
torsion,6
dirac,6
coincid,6
clarifi,6
automorph,6
fixpoint,6
dot,6
tedious,6
status,6
tensori,6
euler,6
pathway,6
commerci,6
eventu,6
isabell,6
reorder,6
linbox,6
polymorph,6
kenzo,6
below,6
submodul,6
ac,6
vital,6
preced,6
suppos,6
corpora,6
27,6
i1,6
i2,6
i3,6
owe,6
afford,6
academ,6
multithread,6
slight,6
invar,6
skip,6
economi,6
lpic,6
inhomogen,6
pencil,6
axiom,6
movement,6
polygon,6
ot,6
exceed,6
transact,6
para,6
clinic,6
guidelin,6
abduct,6
drastic,6
datatyp,6
2008,6
keyword,6
pick,6
unimodular,6
widespread,6
alter,6
preval,6
der,6
2007,6
recal,6
scatter,6
prepar,6
person,6
exp,6
hurwitz,6
ladder,6
charg,6
grain,6
feder,6
nash,6
messag,6
beta,6
scientist,6
nowaday,6
gram,6
plus,6
macaulay2,6
darboux,6
bitsiz,6
moduli,6
toolbox,6
brought,6
trigon,6
tableau,6
dieudonn,6
stoke,6
unitari,6
insid,6
nondegener,6
broader,6
imaginari,6
decim,6
borel,6
benefici,6
ill,6
succinct,6
fall,6
angl,6
blend,6
cvm,6
ubiquit,6
1988,6
13,6
blow,6
consumpt,6
exclud,6
radius,6
2014,6
shall,6
archimedean,6
anidada,6
viabl,6
intent,6
judg,6
alphabet,6
join,6
color,6
window,6
cardin,6
transpos,6
100,6
omega,6
ongo,6
thoma,6
diag,6
summand,6
trager,6
otherwis,6
subalgebra,6
sole,6
gbla,6
comment,6
cadabra,6
cocoa,6
materi,6
conquer,6
2017,6
impuls,6
bad,6
alig,6
heck,6
nativ,6
thorough,6
reproduc,6
asymmetr,6
adt,6
feedback,6
push,6
serial,6
holomorph,6
cps,6
koszul,6
programmat,6
underpin,6
scratch,6
intervent,6
supercomput,6
infin,6
dispar,6
amplitud,6
kullback,6
leibler,6
logag,6
drinfeld,6
alc,6
llvm,6
gnns,6
gnn,6
letter,6
repositori,6
hoar,6
guidanc,6
token,6
adher,6
enigma,6
bdds,6
histor,6
excel,6
bart,6
sppl,6
taxonomi,6
grothendieck,6
trigger,6
factori,6
explanatori,6
lake,6
sota,6
webassembl,6
duopoli,6
isoelast,6
bitcoin,6
weakest,6
dood,6
kgs,6
gamr,6
srsd,6
descriptor,6
pysr,6
csp,6
firmwar,6
mmkg,6
scobot,6
hyperelast,6
hdc,6
nid,6
lmms,6
ginac,5
mace,5
fill,5
wavelet,5
privat,5
congruenc,5
vast,5
whitehead,5
automaton,5
defeas,5
lds,5
encompass,5
batch,5
krylov,5
macsyma,5
itensor,5
diagrammat,5
strengthen,5
betti,5
enlarg,5
janet,5
acdtr,5
f1,5
schost,5
devic,5
tape,5
2f1,5
aepsilon,5
viabil,5
portabl,5
minut,5
book,5
interfer,5
stem,5
2006,5
expos,5
blink,5
essenc,5
disjunct,5
drop,5
hypothesi,5
mitig,5
un,5
curri,5
got,5
depart,5
unrank,5
pragmat,5
appeal,5
noth,5
hoeven,5
resort,5
invent,5
hydrogen,5
ware,5
oppos,5
qcd,5
gamma,5
chemistri,5
vertex,5
bernstein,5
radix,5
swell,5
pointer,5
notori,5
unnecessari,5
hash,5
renam,5
biject,5
vehicl,5
inter,5
sake,5
arxiv,5
mirror,5
davenport,5
ffts,5
positivstellensatz,5
euclid,5
accomplish,5
miller,5
ag,5
lee,5
licens,5
see,5
versus,5
meanwhil,5
horner,5
jump,5
theano,5
chapter,5
taught,5
incorrect,5
pit,5
lost,5
relativist,5
delet,5
scss,5
drawback,5
primarili,5
vessiot,5
antideriv,5
instabl,5
hong,5
fruit,5
ascend,5
superadoubl,5
latest,5
speak,5
ip1,5
later,5
amen,5
clenshaw,5
homomorph,5
nonzero,5
gabidulin,5
collid,5
proni,5
auxiliari,5
deliv,5
mild,5
wind,5
atmospher,5
promin,5
temporari,5
unchang,5
18,5
pay,5
morphic,5
defect,5
2015,5
custom,5
subr,5
patch,5
clean,5
fo,5
overlap,5
nearbi,5
recomput,5
ball,5
occurr,5
mapk,5
metaprogram,5
50,5
acsv,5
surround,5
pm,5
drive,5
17,5
meromorph,5
fire,5
multibodi,5
intract,5
sympi,5
onsag,5
120,5
pressur,5
futamura,5
anim,5
engag,5
ce,5
dnn,5
impos,5
travers,5
idempot,5
brown,5
credit,5
duplic,5
host,5
annotari,5
lemmata,5
ineffici,5
nonexist,5
imposs,5
matur,5
factual,5
hour,5
oval,5
interleav,5
ratio,5
chanc,5
nli,5
matr,5
polar,5
bnns,5
morphism,5
walsh,5
vqa,5
unseen,5
trustworthi,5
sparql,5
symfield,5
unidentifi,5
anomali,5
favor,5
radii,5
di2,5
executor,5
alloc,5
lnn,5
regim,5
atp,5
violat,5
pandem,5
covid,5
workflow,5
fusebmc,5
pg,5
zeon,5
generaliz,5
agda,5
mental,5
mathpar,5
khovanskii,5
hyperdimension,5
dedupl,5
yewpar,5
fsp,5
clp,5
pyglov,5
semem,5
scl,5
rsrm,5
recallm,5
adverb,5
neurasp,5
strain,5
l4casadi,5
salt,5
kan,5
nsai,5
yaqq,5
comat,5
spread,4
drawn,4
ab,4
wang,4
quadratur,4
fulfil,4
richardson,4
obey,4
elsewher,4
mere,4
triangl,4
green,4
1998,4
cartesian,4
keller,4
gehrig,4
tableaux,4
assert,4
serious,4
lpo,4
unspecifi,4
lisp,4
filtrat,4
halt,4
uncount,4
smale,4
dilat,4
guard,4
safey,4
din,4
chunk,4
64,4
corollari,4
cepsilon,4
bepsilon,4
oblig,4
trim,4
secondari,4
cart,4
bihomogen,4
cartan,4
meadow,4
gene,4
regulatori,4
exemplifi,4
realm,4
older,4
deviat,4
alloy,4
butler,4
portug,4
twenti,4
cube,4
bernoulli,4
howard,4
extent,4
perceptron,4
unfold,4
tschirnhaus,4
pack,4
aggreg,4
perhap,4
1992,4
babi,4
front,4
contemporari,4
dynamo,4
constructor,4
li,4
adequ,4
deepli,4
neither,4
nor,4
cflp,4
behav,4
chromat,4
multigrad,4
tspp,4
kauer,4
sfg,4
celesti,4
reciproc,4
wds,4
deadlock,4
expedit,4
neuron,4
chudnovski,4
georg,4
jacobson,4
circular,4
faith,4
disabl,4
f5b,4
wild,4
aperiod,4
irrat,4
day,4
semin,4
fr,4
63,4
cayley,4
anti,4
colon,4
forum,4
sai,4
sqfreeeval,4
dft,4
35,4
uniti,4
2004,4
2005,4
ra,4
magnet,4
zeta,4
kleen,4
simplici,4
3x3,4
ctds,4
rhombus,4
krattenthal,4
doron,4
trick,4
dwork,4
hyperbola,4
canni,4
european,4
sullivan,4
slower,4
krawczyk,4
sigmoid,4
logcf,4
trial,4
took,4
pspace,4
uncoupl,4
dbz,4
etap,4
mulmuley,4
hit,4
stronger,4
mark,4
stuffl,4
supplement,4
monoid,4
sch,4
pdf,4
semialgebra,4
risc,4
school,4
circl,4
1982,4
yap,4
garsid,4
spindl,4
hrushovski,4
125,4
highest,4
hook,4
oller,4
audienc,4
utilizando,4
derivada,4
sea,4
session,4
interplay,4
lose,4
readili,4
axi,4
disturb,4
wiedemann,4
gaug,4
sumset,4
bge,4
spite,4
backpropag,4
surpass,4
naiv,4
bidirect,4
ed,4
subvarieti,4
mpps,4
solid,4
teach,4
teacher,4
schedul,4
forc,4
imageri,4
reson,4
90,4
malici,4
amoeba,4
granular,4
ray,4
openmath,4
ambigu,4
lineariz,4
impract,4
away,4
imit,4
pen,4
advoc,4
distort,4
tremend,4
html5,4
inner,4
99,4
hole,4
bienstock,4
zuckerberg,4
arguabl,4
lightweight,4
overlook,4
lorenz,4
attractor,4
diamet,4
dimspec,4
opportun,4
putinar,4
70,4
did,4
tritang,4
monodromi,4
nonetheless,4
figur,4
anf,4
threshold,4
arnold,4
vize,4
my,4
mors,4
nlsat,4
realiti,4
fscs,4
lone,4
000,4
nist,4
mesh,4
peer,4
chcs,4
default,4
subsum,4
postul,4
synergist,4
leo,4
hol,4
subtl,4
aircraft,4
mp,4
codeword,4
premis,4
oei,4
pide,4
boost,4
prerequisit,4
cultur,4
bronstein,4
satir,4
biochem,4
bloat,4
eev,4
win,4
xai,4
orc,4
df,4
fispo,4
acquisit,4
disentangl,4
7dof,4
john,4
rare,4
primal,4
recommend,4
lgga,4
at,4
lw,4
soc,4
causat,4
mainten,4
discard,4
chronor,4
extractor,4
instrument,4
nesyl,4
patient,4
contigu,4
peopl,4
rout,4
vivienn,4
debat,4
audit,4
contact,4
multiplexnet,4
arc,4
cournot,4
firm,4
exoplanet,4
rec,4
expertis,4
sfstd,4
overconverg,4
bohemian,4
retinopathi,4
health,4
neurocomposit,4
distil,4
mcts,4
stroke,4
ontomerg,4
poli,4
superdetermin,4
mana,4
vca,4
bnsynth,4
bfs,4
catalyt,4
mwp,4
endomorph,4
hownet,4
folk,4
nesi,4
kegnn,4
kariya,4
inquiri,4
spacecraft,4
ade,4
concav,4
scarc,4
intension,4
ilp,4
rrl,4
compensatori,4
coala,4
fmplex,4
swtc,4
heavili,4
beamform,4
embodi,4
manipmob,4
casadi,4
habicht,4
fex,4
botfip,4
stretch,4
underscor,4
affinoid,4
aqa,4
categorica,4
food,4
hd,4
threat,4
consal,4
shoenfield,4
psms,4
app,4
innermost,3
otter,3
indirect,3
1989,3
orthonorm,3
bessel,3
dq,3
anisotrop,3
plate,3
bert,3
pauli,3
grtensorii,3
littlewood,3
ricci,3
factoriz,3
gwa,3
shed,3
x2,3
lo,3
bottom,3
modulus,3
unless,3
defeat,3
viewpoint,3
paramodul,3
unix,3
stress,3
editor,3
fortran,3
entangl,3
05,3
1999,3
steer,3
gpl,3
atensor,3
ln,3
boson,3
pushout,3
bcss,3
subgroup,3
bss,3
posix,3
brent,3
harborth,3
zout,3
x1,3
xn,3
wfsm,3
me,3
tform,3
coin,3
unrol,3
obstruct,3
mcc,3
swi,3
societi,3
aka,3
dozen,3
happen,3
26,3
af,3
unsat,3
satisfactori,3
weispfen,3
hochschild,3
fractal,3
tail,3
decay,3
neglig,3
monstrous,3
moonshin,3
est,3
llamada,3
con,3
usabl,3
phd,3
trip,3
multilay,3
liter,3
edu,3
river,3
forecast,3
settl,3
necess,3
evidenti,3
schema,3
owl,3
giant,3
wheel,3
craig,3
refut,3
solar,3
print,3
sphere,3
hr,3
ellips,3
erron,3
anomal,3
wilson,3
nodal,3
voltag,3
classroom,3
suppli,3
sturmfel,3
sure,3
stembridg,3
robbin,3
akin,3
piranha,3
joinabl,3
vectori,3
barrier,3
resembl,3
bidegre,3
coprim,3
ninth,3
20th,3
appendix,3
fhn,3
numgfun,3
merit,3
impress,3
bigger,3
tag,3
heart,3
pauer,3
interoper,3
swap,3
1958,3
download,3
confin,3
pfsa,3
white,3
inequival,3
steiner,3
19th,3
herein,3
recombin,3
mask,3
agreement,3
stop,3
neighborhood,3
hyperlogarithm,3
hyperellipt,3
quintic,3
twiddl,3
cast,3
stanimirov,3
choleski,3
volterra,3
grid,3
detach,3
fcc,3
lgf,3
winograd,3
1976,3
plausibl,3
underdetermin,3
1985,3
ctd,3
1977,3
rth,3
1980,3
thereof,3
vice,3
versa,3
compani,3
beelen,3
brander,3
110,3
week,3
swarm,3
lclm,3
invok,3
fermat,3
textbook,3
arriv,3
tutt,3
tft,3
notic,3
airi,3
hoeij,3
griffith,3
almkvist,3
lenstra,3
march,3
subexpress,3
codimens,3
bath,3
undertaken,3
weaken,3
quasipolynomi,3
zariski,3
tridiagon,3
visit,3
pezzo,3
roch,3
probe,3
intertwin,3
fauger,3
gao,3
iv,3
price,3
har,3
influenti,3
lag,3
discrep,3
burr,3
krahmer,3
laporta,3
logspac,3
couldn,3
bibliographi,3
squarefre,3
multist,3
proto,3
pullback,3
characteriz,3
crout,3
denavit,3
hartenberg,3
bond,3
mtbdd,3
moral,3
april,3
6th,3
satellit,3
fuch,3
practition,3
profound,3
realizar,3
presenta,3
mantra,3
prolong,3
lasserr,3
rough,3
ip2,3
footprint,3
generatrix,3
superset,3
sensor,3
hyper,3
transient,3
offlin,3
artin,3
dd,3
apart,3
existenti,3
sian,3
elus,3
unstructur,3
encourag,3
autodiff,3
clariti,3
sought,3
pictur,3
flint,3
transport,3
adjoin,3
leak,3
emb,3
enum,3
hitherto,3
spurious,3
singer,3
qubit,3
parrilo,3
water,3
reput,3
mayer,3
tell,3
wish,3
sparsest,3
h2020,3
csa,3
curious,3
reparametr,3
giac,3
dupin,3
cyclid,3
cocoalib,3
cfe,3
familiar,3
minimis,3
laman,3
ancient,3
multiterm,3
discrimi,3
nant,3
bounc,3
slot,3
dummi,3
allevi,3
bracket,3
calibr,3
nemo,3
useless,3
circul,3
dimer,3
multiseri,3
pedagog,3
ic3,3
hexagon,3
pitch,3
wors,3
prospect,3
ben,3
1986,3
gpgpu,3
shortest,3
tnfs,3
alembertian,3
bundl,3
basepoint,3
24,3
invalid,3
prize,3
outsourc,3
infrastructur,3
financi,3
marker,3
tpru,3
57,3
dialog,3
narrat,3
somewhat,3
you,3
your,3
meticul,3
checkabl,3
stoc,3
boil,3
pc,3
sonc,3
broaden,3
ago,3
cdcl,3
firefli,3
prob,3
unperturb,3
monad,3
collatz,3
hot,3
wreath,3
renaiss,3
justif,3
rooted,3
cliqu,3
nation,3
ethereum,3
z3,3
nc,3
wep,3
crest,3
bipartit,3
alt,3
phrase,3
sequent,3
regardless,3
98,3
backend,3
compart,3
monitor,3
stack,3
qfunction,3
reachset,3
mixtur,3
a059710,3
fisher,3
width,3
epistem,3
lp,3
bisimilar,3
interconnect,3
quiver,3
operatorgb,3
srfr,3
pursuit,3
car,3
trivium,3
philosophi,3
artinian,3
simd,3
pogudingleb,3
landscap,3
english,3
bell,3
gpx,3
late,3
strike,3
scrambl,3
pertain,3
degeneraci,3
ctps,3
pivp,3
slice,3
saito,3
brieskorn,3
bergman,3
diamond,3
keynot,3
alberto,3
hcvs,3
shelf,3
organis,3
lzz,3
empow,3
80,3
60,3
downstream,3
mordel,3
weil,3
detector,3
pytorch,3
pursu,3
dialgebra,3
autoencod,3
wright,3
billiard,3
canham,3
biomembran,3
stimul,3
mingb,3
dig,3
summari,3
agre,3
repair,3
reparameter,3
sio,3
autorepar,3
curvilinear,3
room,3
holist,3
nonloc,3
harder,3
biomed,3
convey,3
excess,3
decentr,3
innov,3
warp,3
hepat,3
mcsat,3
conform,3
21,3
submit,3
hop,3
kb,3
elicit,3
afterward,3
vlsat,3
rerank,3
reconfigur,3
gravit,3
draft,3
market,3
oligopoli,3
triopoli,3
fuzz,3
idem,3
backtrack,3
schemat,3
ecosystem,3
p2pkh,3
p2ms,3
cortex,3
lagutinski,3
pendulum,3
equilibr,3
saddl,3
mathonet,3
pisano,3
isat,3
2019,3
ks,3
reusabl,3
gps,3
logicrank,3
gfun,3
eigenspac,3
cryptosolv,3
experienc,3
dcp,3
spray,3
specognitor,3
spectr,3
flip,3
duopolist,3
competitor,3
worldclon,3
rectifi,3
tad,3
predecessor,3
nullif,3
surject,3
nra,3
multistep,3
multisolv,3
nudg,3
agi,3
embrac,3
aspmt,3
factoris,3
gravita,3
pdr,3
dnl,3
2023,3
william,3
war,3
blockwis,3
schubert,3
logicmp,3
kga,3
mmwave,3
radio,3
dissip,3
environment,3
inspect,3
bootstrap,3
mdps,3
lesson,3
imbalanc,3
symbolicai,3
dive,3
necessit,3
rdt,3
holograph,3
ghrr,3
bmlp,3
dephosphoryl,3
linapart,3
binder,3
hn,3
lsps,3
ctslam,3
onsep,3
transcod,3
deliber,2
bear,2
shell,2
cl,2
ari,2
jsc,2
ridgelet,2
rbfs,2
hdq,2
utmost,2
underlin,2
graviti,2
osserman,2
burger,2
chu,2
temporarili,2
byproduct,2
gtybalt,2
tex,2
nielsen,2
hfe,2
enrich,2
36,2
semir,2
tabul,2
montgomeri,2
parform,2
smp,2
cosmolog,2
vermaseren,2
kranc,2
needless,2
buergiss,2
cucker,2
sheav,2
cellular,2
nullspac,2
hadamard,2
ee,2
selberg,2
os,2
1948,2
kalman,2
eilenberg,2
unari,2
robinson,2
nondimensionalis,2
orthonom,2
lossi,2
knuth,2
bendix,2
kolchin,2
multiloop,2
acycl,2
uninterpret,2
euf,2
dichotom,2
toeplitz,2
pace,2
gappa,2
interchang,2
mainstream,2
micro,2
clpic,2
multicarri,2
infinitesim,2
kappa,2
tplp,2
ree,2
multipoint,2
31,2
juli,2
august,2
exercis,2
stirl,2
adult,2
xperm,2
subtract,2
forthcom,2
poset,2
suffic,2
rubik,2
grh,2
fibonacci,2
laguerr,2
meixner,2
uppaal,2
unpredict,2
wedg,2
klein,2
kontsevich,2
restart,2
univariada,2
racional,2
toda,2
borrow,2
catamorph,2
anamorph,2
factorad,2
unt,2
tarau,2
ackermann,2
karr,2
bival,2
enter,2
presburg,2
stellar,2
disequ,2
titchmarsh,2
radial,2
deg,2
ntl,2
descent,2
salient,2
stay,2
visibl,2
copi,2
chromodynam,2
worldwid,2
gcds,2
ampl,2
fd,2
disord,2
pott,2
hardest,2
weyman,2
zelevinski,2
emiri,2
vincent,2
spheric,2
greater,2
shannon,2
happ,2
johnson,2
333,2
confluent,2
exptim,2
inabl,2
launch,2
builder,2
fitzhugh,2
nagumo,2
1984,2
david,2
1983,2
altogeth,2
reject,2
bisimul,2
insa,2
multicor,2
normalis,2
plde,2
vs,2
fresh,2
payoff,2
pekeri,2
redux,2
appreci,2
went,2
initio,2
mpi,2
transcript,2
complementar,2
www,2
gbcoq,2
harrison,2
vnp,2
sugeno,2
weber,2
quantif,2
gnu,2
bitang,2
octad,2
spectrahedra,2
zone,2
ieee,2
debug,2
lecerf,2
focuss,2
tiden,2
arnborg,2
fano,2
rewritten,2
rudimentari,2
amplifi,2
lossless,2
lowest,2
flowgraph,2
tasic,2
petkov,2
appl,2
dde,2
tor,2
workabl,2
electr,2
mzvs,2
navier,2
g2v,2
22,2
inevit,2
offset,2
multiprecis,2
lax,2
kahan,2
ua,2
haar,2
kedlaya,2
du,2
adleman,2
mander,2
reprov,2
oil,2
german,2
feng,2
weaker,2
consolid,2
siev,2
subschem,2
lclms,2
recast,2
conjoin,2
blinkov,2
minus,2
greedi,2
asid,2
hartre,2
fock,2
roothaan,2
am,2
calabi,2
yau,2
pd,2
problemat,2
uller,2
twist,2
overconstrain,2
ell,2
shoup,2
unnecessarili,2
7th,2
seventh,2
foster,2
newcom,2
submiss,2
subid,2
cadw,2
western,2
ontario,2
qepcad,2
beauti,2
oblivi,2
roabp,2
matroid,2
segr,2
fan,2
39,2
introductori,2
paramount,2
utzenberg,2
handbook,2
successor,2
lpdos,2
rn,2
ilt,2
coulomb,2
realrootclassf,2
cusp,2
x0,2
coarsen,2
austria,2
tunisia,2
grew,2
japan,2
johann,2
linz,2
mmm,2
anewdsc,2
sharma,2
evaluatemultisum,2
sumproduct,2
geodes,2
ps,2
won,2
reductor,2
diaz,2
cite,2
enorm,2
melikyan,2
karmarkar,2
lakshman,2
mandatori,2
bricard,2
fq,2
attach,2
ultrametr,2
mtbdds,2
bdd,2
twice,2
topo,2
im,2
microscop,2
synapt,2
bioinformat,2
skeleton,2
1st,2
syncop,2
franc,2
17th,2
zzn,2
commod,2
mutant,2
widest,2
summaris,2
pertin,2
tica,2
trabajo,2
propuesta,2
cualquier,2
biblioteca,2
permita,2
sobrecarga,2
operador,2
calcular,2
misma,2
evaluaci,2
cual,2
asum,2
anal,2
itica,2
trabaja,2
modo,2
nueva,2
estructura,2
garantiza,2
apliqu,2
correctament,2
calculen,2
valor,2
requiera,2
overload,2
enfoqu,2
algebraico,2
sun,2
casc,2
dedekind,2
diffi,2
hellman,2
boucher,2
broken,2
lend,2
enclosur,2
nullstellen,2
tze,2
medial,2
seidenberg,2
szanto,2
bus,2
blackbox,2
kummer,2
dds,2
2001,2
gosper,2
subtrop,2
pluq,2
nonreal,2
slowli,2
1024,2
disc,2
simplest,2
dixon,2
extran,2
skolem,2
superspars,2
bialgebra,2
cocommut,2
conorm,2
kapranov,2
liaison,2
excurs,2
meander,2
nti,2
grant,2
helic,2
subfamili,2
precondition,2
slope,2
40,2
bareiss,2
qr,2
schmidt,2
800,2
apparatus,2
nuclear,2
stratifi,2
mayr,2
reconcil,2
codif,2
novelli,2
pak,2
stoyanovskii,2
shevchenko,2
fuller,2
eu,2
fetopen,2
purbhoo,2
connection,2
substrat,2
1990s,2
mehlhorn,2
everyon,2
1987,2
grown,2
viz,2
readi,2
prowess,2
merger,2
amortis,2
ing,2
submatrix,2
ternari,2
citizen,2
worth,2
focal,2
1969,2
mitogen,2
castelnuovo,2
mumford,2
seiler,2
ner,2
karatsuba,2
aggress,2
monom,2
chr,2
tensorflow,2
ka,2
diffedg,2
browser,2
mathml,2
mou,2
bruno,2
salvi,2
sin,2
reiter,2
5x5,2
superintellig,2
manuscript,2
pimt,2
dodgson,2
tweak,2
mimic,2
chvatal,2
gomori,2
cg,2
matchpi,2
glu,2
suscept,2
rootfind,2
mpsolv,2
tiwarri,2
ziegler,2
tarski,2
ts,2
kovac,2
lia,2
jone,2
burden,2
zhou,2
labahn,2
pade,2
senior,2
instructor,2
rectangular,2
ntru,2
zpl,2
dierenti,2
mutat,2
polya,2
aod,2
incompress,2
summer,2
scsc,2
di,2
lotka,2
biggest,2
spaenlehau,2
fiedler,2
craigen,2
holzmann,2
kharaghani,2
2d,2
ise,2
physicist,2
prohibit,2
theoryguru,2
economist,2
fewnomi,2
gale,2
panel,2
congress,2
live,2
silhouett,2
file,2
51,2
reznick,2
articul,2
manifest,2
sheaf,2
confid,2
supp,2
trivari,2
graver,2
predomin,2
peyrl,2
incur,2
dnns,2
pixel,2
chest,2
symptom,2
plot,2
expositori,2
aqc,2
leg,2
journey,2
tlla,2
enjoy,2
neutral,2
navig,2
anyon,2
scikit,2
infanc,2
tangl,2
likewis,2
risk,2
insur,2
percentil,2
finiteflow,2
dataflow,2
rm,2
genuin,2
revolutionari,2
roi,2
orr,2
plump,2
bak,2
recognis,2
ng,2
si,2
eas,2
58,2
percentag,2
compendia,2
caruso,2
vaccon,2
concol,2
bytecod,2
immut,2
vers,2
eldarica,2
dvsfs,2
murota,2
superveni,2
conceptualis,2
facto,2
extension,2
specialist,2
tptp,2
ansi,2
cbmc,2
favour,2
nine,2
certainti,2
okounkov,2
chern,2
ingenu,2
albeit,2
mailbox,2
dafni,2
saturn,2
recompil,2
subtleti,2
129,2
encapsul,2
fifth,2
waypoint,2
66,2
fmpd,2
ensembl,2
plasma,2
thermodynam,2
diagonalis,2
ramifi,2
spectra,2
unramifi,2
pool,2
encyclopedia,2
mihailov,2
takayama,2
bivector,2
sine,2
handler,2
sol,2
tla,2
send,2
conradi,2
kahl,2
ransac,2
c11,2
plug,2
hydrodynam,2
ei,2
corner,2
lps,2
lam,2
carter,2
desktop,2
terabyt,2
sato,2
finer,2
codomain,2
ta71,2
cvv19,2
costlier,2
kuramoto,2
mptp,2
tracker,2
corrector,2
convinc,2
overestim,2
absent,2
passeng,2
excit,2
inferenti,2
moura,2
rrt,2
keeloq,2
cryptanalyt,2
paradox,2
unusu,2
21st,2
73,2
port,2
boyer,2
ocaml,2
notebook,2
async,2
spirit,2
avx2,2
avx,2
512,2
10x,2
lump,2
fight,2
metalog,2
binar,2
bnn,2
mnist,2
eighti,2
byzantin,2
pegasus,2
forest,2
sklearn,2
minikanren,2
orchestr,2
goldd,2
presuppos,2
emul,2
relianc,2
cox,2
tie,2
ntps,2
clutrr,2
crns,2
crn,2
mial,2
manin,2
nd,2
warsaw,2
pari,2
starexec,2
hass,2
ur,2
ahead,2
exit,2
ese,2
zhao,2
forth,2
verilog,2
rac,2
quarter,2
media,2
artwork,2
aaai,2
pointwis,2
adjunct,2
coproduct,2
bag,2
curat,2
61,2
disrupt,2
pe,2
len,2
lesnick,2
customiz,2
ldu,2
leu,2
sg,2
hhk,2
penetr,2
unconstrain,2
dili,2
scar,2
38,2
rapl,2
plain,2
snr,2
derang,2
gilli,2
titl,2
multiintegr,2
plswe,2
guerrini,2
isit,2
71,2
sharpen,2
metatheori,2
meant,2
recip,2
hgm,2
clevrer,2
unavail,2
apt,2
1960s,2
monumai,2
unpreced,2
shap,2
cybersecur,2
autonomi,2
cpsos,2
deem,2
longitudin,2
dtw,2
stamp,2
oncolog,2
75,2
newtonian,2
nonquadrat,2
unambigu,2
rowland,2
mep,2
dubovski,2
artifact,2
dewcad,2
wall,2
symbolicgpt,2
pad,2
renorm,2
ventur,2
professor,2
pettorossi,2
unstat,2
presumpt,2
wxmaxima,2
remot,2
entireti,2
dpor,2
portion,2
setup,2
2x,2
monomorph,2
diem,2
exam,2
pdra,2
mmtc,2
unsolv,2
dof,2
repetit,2
golden,2
yosi,2
sdc,2
nrpylatex,2
typeset,2
nrpi,2
catch,2
isotrop,2
planetari,2
rediscov,2
typo,2
loos,2
lnns,2
bmc,2
caspr,2
radiat,2
wg,2
prng,2
magic,2
stake,2
trail,2
transvers,2
odebas,2
sbml,2
semiloop,2
inadequ,2
sindi,2
micha,2
menten,2
straggler,2
lung,2
d5,2
cryptocurr,2
adalogn,2
reclor,2
logiqa,2
neurip,2
explaindr,2
sustain,2
tangent,2
handwritten,2
semjon,2
adlaj,2
circumfer,2
anniversari,2
monetari,2
multilingu,2
spl,2
chaotic,2
fabkg,2
recreat,2
ned,2
240,2
polyset,2
playground,2
flowshop,2
bardet,2
asiacrypt,2
dag,2
endpoint,2
plant,2
auto,2
canonicalis,2
lode,2
brill,2
bench,2
pervad,2
daili,2
finitari,2
healthcar,2
financ,2
burgeon,2
idiom,2
bypass,2
confront,2
qiskit,2
qcec,2
munich,2
disordr,2
ire,2
freealg,2
furnish,2
intrud,2
cav,2
specul,2
freegroup,2
endow,2
counterintuit,2
levelwis,2
replica,2
paradigmat,2
vae,2
sudden,2
imagin,2
fl,2
diagnost,2
adok,2
mcmc,2
resnet,2
codebas,2
pourchet,2
shallow,2
comparethem,2
inflat,2
ph,2
vts,2
crystallin,2
bq,2
dssm,2
mwan,2
drcn,2
everyday,2
dpp,2
deepseaproblog,2
unbias,2
tp,2
dictionari,2
marl,2
rms,2
gonzalez,2
debri,2
symbolicregress,2
pochhamm,2
fol,2
shortcom,2
constrat,2
surrog,2
nutrit,2
sharper,2
christol,2
hironaka,2
closer,2
realli,2
finish,2
retrain,2
frab,2
multivector,2
rica,2
3d,2
ipdr,2
pebbl,2
phosphatas,2
whilst,2
episod,2
ix,2
melod,2
themat,2
hart,2
film,2
pois,2
assur,2
hallucin,2
vexillari,2
folc,2
mln,2
stimuli,2
kr,2
antenna,2
transmitt,2
sweep,2
unveil,2
geograph,2
turbul,2
sluggish,2
england,2
clarif,2
misalign,2
suboptim,2
cb,2
speech,2
docker,2
anderson,2
polyconvex,2
sparsif,2
era,2
nuanc,2
1cm,2
hopfield,2
fibrat,2
groupoid,2
physiolog,2
dirichlet,2
unobserv,2
interppol,2
norman,2
reconcili,2
hypotenus,2
curricula,2
qssa,2
stiff,2
yang,2
mill,2
ehd,2
electrohydrodynam,2
spline,2
wronskian,2
fhrr,2
kcc,2
henrion,2
naldi,2
siam,2
preclud,2
cull,2
turbin,2
deficit,2
intrus,2
teissier,2
symanntex,2
lsp,2
raven,2
rpm,2
constel,2
ig,2
rote,2
hyperion,2
ablat,2
shephard,2
todd,2
funeq,2
mgfs,2
tkgf,2
dcrm,2
dhag,2
portrait,2
drl,2
ppddl,2
jet,2
transliter,2
cot,2
pi,2
ndsr,2
alma,2
ltl,2
obsolet,1
advent,1
deni,1
rho,1
singleton,1
untyp,1
outermost,1
elan,1
davi,1
putnam,1
loveland,1
logeman,1
countermodel,1
aci1,1
5000,1
char,1
gedd,1
gonnet,1
additionn,1
convect,1
diffus,1
mq,1
striz,1
gruntz,1
monagan,1
anholonom,1
excalc,1
king,1
wybourn,1
cummin,1
plethysm,1
mathtensor,1
perm,1
ito,1
kadomtsev,1
petviashvili,1
karney,1
sen,1
verheest,1
boussinesq,1
tzetzeica,1
benney,1
tendenc,1
resist,1
polylog,1
signcrypt,1
texmac,1
font,1
y3,1
trapdoor,1
enviro,1
pinpoint,1
dovier,1
policr,1
rossi,1
fundamenta,1
informatica,1
201,1
234,1
oat,1
apx,1
bpp,1
indecompos,1
ldsar,1
nondeterminist,1
vim,1
intransit,1
bender,1
qft,1
liber,1
yoke,1
begun,1
04,1
lotz,1
bach,1
metabol,1
arabidopsi,1
thaliana,1
disrepair,1
ctensor,1
vall,1
poussin,1
1896,1
erd,1
dml,1
mecan,1
archetyp,1
log2,1
unequivoc,1
fflas,1
ffpack,1
blas,1
careful,1
serr,1
pioneer,1
gladston,1
incompar,1
numberand,1
blum,1
shub,1
standpoint,1
kung,1
herewith,1
seminar,1
falkowich,1
karman,1
upward,1
amult,1
decept,1
cumbersom,1
acd,1
kbo,1
uliss,1
dini,1
1902,1
diff,1
nelson,1
oppen,1
driver,1
millisecond,1
schur,1
disk,1
bep,1
remiddi,1
fluctuat,1
personnel,1
tuition,1
pthread,1
tevelev,1
pendula,1
mount,1
polderman,1
willem,1
friction,1
ballot,1
strunctur,1
cdma,1
subcarri,1
phasor,1
sinusoid,1
marten,1
mathi,1
mod,1
reinterpret,1
fel,1
olver,1
ambient,1
proprietari,1
sizeabl,1
london,1
heriot,1
watt,1
throughput,1
lac,1
operon,1
bacterium,1
coli,1
1880,1
1930,1
6x1023,1
undifferenti,1
6x105,1
bianchi,1
xtensor,1
montana,1
pardo,1
impair,1
horizont,1
uml,1
hundredth,1
volker,1
subexponenti,1
krawtchouk,1
pollaczek,1
pluribus,1
unum,1
attenu,1
exterior,1
fronsdal,1
bibliograph,1
lindenmay,1
errat,1
aplicacion,1
descomposicion,1
racion,1
spanish,1
articulo,1
mostramo,1
como,1
usar,1
tecnica,1
computacion,1
concretament,1
descomposcion,1
estudiar,1
cierto,1
conjunto,1
aparecen,1
concreto,1
hemo,1
calculado,1
relacion,1
coeficient,1
entr,1
pare,1
schemata,1
mellitus,1
prss,1
deepen,1
coquand,1
mcbride,1
ackerman,1
lehmer,1
csci,1
ffun,1
zip,1
sfn,1
throw,1
straus,1
opinion,1
frawley,1
conjur,1
forg,1
warehous,1
endeavour,1
persuad,1
rdfs,1
contradictori,1
schonhag,1
baur,1
somehow,1
thatcan,1
decrib,1
subproblem,1
linerali,1
meditor,1
jolli,1
jas,1
kredel,1
reinvent,1
rubi,1
groovi,1
scala,1
jouv,1
pipin,1
seehaf,1
submerg,1
vacuum,1
powerlist,1
subgoal,1
curto,1
fialkow,1
erdo,1
schinzel,1
zannier,1
arisen,1
moreno,1
maza,1
1886,1
incid,1
secant,1
verones,1
unprov,1
eiffel,1
primebas,1
visualis,1
ein,1
aehnlich,1
spezifikationssprach,1
bergstra,1
89,1
export,1
namensraum,1
unpolar,1
inelast,1
supernod,1
nullor,1
mna,1
polytim,1
solvant,1
temperatur,1
antiferromagnet,1
dickenstein,1
bezoutian,1
subdivid,1
homographi,1
bipyramid,1
koutschan,1
tantal,1
hurdl,1
jsr,1
223,1
ruppert,1
touch,1
avant,1
stolarski,1
tran,1
444,1
8333,1
salagean,1
recollect,1
roel,1
vrijer,1
1666,1
outgo,1
superlinear,1
subsist,1
wrs2009,1
brasilia,1
28th,1
june,1
rta,1
rdp,1
wrs,1
hodgkin,1
huxley,1
hindmarsh,1
rose,1
morri,1
lecar,1
izhikevich,1
knapsack,1
boundabl,1
unrel,1
umv,1
uncompl,1
plural,1
indeped,1
disjoint,1
gutman,1
thayer,1
suppress,1
unfalsifi,1
mpum,1
vmpum,1
reinvestig,1
schoolbook,1
lookup,1
chunki,1
ex,1
istenc,1
decom,1
wildest,1
pldes,1
profit,1
contrarili,1
bindabl,1
accad,1
weizac,1
chromosom,1
prosit,1
habil,1
cse,1
hs,1
merced,1
benz,1
till,1
sop,1
inria,1
marell,1
loic,1
pottier,1
keappa,1
tgz,1
for00504925mula,1
urgiss,1
collaps,1
polat,1
erasur,1
vinnikov,1
interwoven,1
exposit,1
obstacl,1
twilight,1
pssms,1
amino,1
acid,1
reconstitut,1
scop,1
proteom,1
databank,1
1070,1
25th,1
acm,1
ase,1
booleangb,1
berthomieu,1
karawia,1
1011,1
2306v1,1
cs,1
ori,1
moir,1
galoisian,1
subtheori,1
tricki,1
k3,1
stienstra,1
gwv,1
rc,1
bjt,1
happnen,1
eg,1
ms,1
pds,1
pdss,1
gin,1
null,1
displac,1
enriqu,1
babbag,1
schicho,1
longstand,1
4n,1
6n,1
buskirk,1
fewest,1
189,1
615,1
640,1
155,1
137,1
163,1
internat,1
82,1
355,1
367,1
delphi,1
kehrein,1
kreuzer,1
dsolv,1
rithm,1
kac,1
moerbek,1
ablowitz,1
ladik,1
opera,1
puter,1
dderecursionoper,1
galerkin,1
reminisc,1
lengthi,1
workaround,1
gegenbauerian,1
casual,1
instantan,1
kozen,1
firstord,1
typeclass,1
rouillier,1
maclan,1
f5c,1
subalgorithm,1
guttmann,1
broadhurst,1
376,1
coppersmith,1
nobodi,1
portfolio,1
500,1
soon,1
ihe,1
brocku,1
ca,1
crack,1
demo,1
schwartz,1
confus,1
strive,1
ksds,1
lsss,1
quasidetermin,1
intu,1
equiproject,1
subquadrat,1
uman,1
gianni,1
kalkbren,1
wctd,1
grasp,1
guoc,1
xin,1
christian,1
plucker,1
adolphson,1
sperber,1
sagetex,1
catalan,1
ishikawa,1
tagawa,1
zeng,1
eigenproblem,1
algebro,1
furstenberg,1
hydac,1
quasimodo,1
vote,1
miura,1
kamiya,1
cab,1
bras,1
amor,1
rao,1
andersen,1
geil,1
bms,1
guruswami,1
sudan,1
checkpoint,1
backup,1
rt,1
readapt,1
particularili,1
pareto,1
lqr,1
lqg,1
311,1
componentwis,1
conchoid,1
lda,1
koiran,1
standalon,1
stln,1
uvgcd,1
their,1
kantorovich,1
wherebi,1
pythagorean,1
hodograph,1
old,1
stillborn,1
followup,1
glanc,1
outweigh,1
uspen,1
sky,1
akrita,1
krandick,1
rootinterv,1
cf,1
sleev,1
eigensolv,1
undirect,1
doabl,1
icosahedron,1
haggard,1
pearc,1
royl,1
150,1
arthur,1
merlin,1
tfts,1
torch7,1
rnnlm,1
1916,1
od,1
met,1
ahler,1
gawronski,1
reinhard,1
martel,1
news,1
bouquet,1
grd,1
grds,1
discover,1
opposit,1
vindic,1
detool,1
tighter,1
danilevski,1
barkatou,1
urcher,1
smit,1
couveign,1
lercier,1
unaccept,1
bulki,1
disadvantag,1
thin,1
rome,1
itali,1
23rd,1
sixteenth,1
refere,1
isomorphi,1
delin,1
straighten,1
abp,1
saxena,1
shpilka,1
volkovich,1
sherman,1
morrison,1
woodburi,1
igusa,1
burkhardt,1
effectu,1
submonoid,1
polyhedra,1
bf,1
mbf,1
stone,1
precursor,1
garg,1
giesbrecht,1
multip,1
massless,1
tzenberg,1
eccad,1
worksheet,1
eigenst,1
unravel,1
computer,1
nonincrement,1
guan,1
volni,1
preprint,1
hale,1
manna,1
constitu,1
suprema,1
gentl,1
flavour,1
hagenberg,1
gammarth,1
tsukuba,1
ssfg,1
kyoto,1
sup,1
tuni,1
carthag,1
schoenhag,1
hyperdir,1
bisect,1
overarch,1
mathmu,1
picantin,1
strand,1
braid,1
conjugaci,1
yuan,1
gonnet83,1
upcom,1
allen,1
tucker,1
teo,1
gonzal,1
jorg,1
herrera,1
torus,1
birat,1
ccd,1
cascad,1
load,1
slab,1
possbil,1
movabl,1
dietmaier,1
fortun,1
bore,1
suspici,1
somo,1
buddi,1
connected,1
37,1
265,1
comer,1
pernet,1
74,1
2t,1
ipslq,1
geom,1
trico,1
neuronal,1
biologist,1
miguel,1
spineup,1
es,1
confoc,1
substanc,1
neurodegen,1
alzheim,1
grenobl,1
1965,1
installaton,1
gebauer,1
inconveni,1
m4ri,1
cicm,1
age,1
anted,1
scant,1
franci,1
dukkipati,1
symb,1
underway,1
metodolog,1
numericalhilbert,1
tambi,1
espacio,1
los,1
projectioncad,1
resid,1
station,1
geomet,1
kuranishi,1
n4,1
n3,1
patarin,1
1996,1
duboi,1
kammer,1
immun,1
practis,1
isosingular,1
vandermond,1
inexpens,1
moawwad,1
mikkawi,1
faiz,1
atlan,1
413,1
422,1
inthi,1
apolynomi,1
1956,1
golubitski,1
kondratieva,1
ovchinnikov,1
alfonso,1
jeronimo,1
solern,1
freitag,1
le,1
anchez,1
pierc,1
sided,1
adomian,1
streamlin,1
lanczo,1
schreier,1
mle,1
workstat,1
gurobi,1
800000,1
percent,1
staircas,1
gaus,1
cup,1
minkowski,1
customari,1
hereaft,1
gepp,1
unsaf,1
embolden,1
disappear,1
thom,1
macmahon,1
brion,1
barvinok,1
unawar,1
interrelationship,1
rung,1
kutta,1
compex,1
predat,1
prey,1
schanuel,1
crowd,1
motil,1
irregular,1
jth,1
integro,1
envelop,1
birkhoff,1
witt,1
farther,1
payn,1
1997,1
zp,1
sacrifi,1
demarc,1
coisotrop,1
gel,1
fand,1
conic,1
stewart,1
gough,1
ackermannian,1
afflict,1
innumer,1
reapprais,1
irrelev,1
postur,1
connector,1
prismat,1
matemat,1
vizuelizacija,1
etf,1
rs,1
geogegebra,1
jaroschek,1
fgb,1
issac2015,1
raglib,1
isogeni,1
ismail,1
zhang,1
gegenbau,1
nxn,1
grevlex,1
hp,1
schwab,1
ever,1
gplv2,1
lachartr,1
multilin,1
32,1
shrink,1
su,1
xsu,1
xso,1
brute,1
ccgrg,1
matsui,1
takeuchi,1
tori,1
semimodul,1
cifuent,1
electromagnet,1
g3,1
outer,1
cliffordan,1
stereotyp,1
mero,1
deter,1
minant,1
cation,1
hlinear,1
ple,1
heintz,1
contradict,1
ritscher,1
circumv,1
vasiliev,1
1993,1
superstructur,1
sokolski,1
1993a,1
hyperboloid,1
precess,1
paillier,1
honest,1
proverif,1
countermeasur,1
collus,1
poster,1
worsen,1
1000,1
lopsid,1
coordinatewis,1
preimag,1
unclear,1
goedel,1
localiz,1
locomot,1
garden,1
psycholinguist,1
eindhoven,1
hear,1
1932,1
grigoriev,1
xcas,1
2m,1
mastrovito,1
571,1
spine,1
laboratori,1
fopid,1
abu,1
salem,1
pend,1
lifetim,1
serialis,1
bth,1
incident,1
fmm,1
semisepar,1
isometri,1
journ,1
national,1
formel,1
jncf,1
januari,1
vivid,1
monoterm,1
floor,1
antisymmetr,1
bour,1
clever,1
szego,1
1933,1
baryshnikov,1
pemantl,1
nonposit,1
guersenzvaig,1
szechtman,1
isotropi,1
sykora,1
deleg,1
lph,1
sped,1
nth,1
moller,1
alizadeh,1
ob,1
wrap,1
arb,1
antic,1
barbulescu,1
detrey,1
estib,1
zimmermann,1
huber,1
foccus,1
pretent,1
fil,1
litteratur,1
seldom,1
simulink,1
welcom,1
rhosum,1
chevillard,1
jold,1
lauter,1
vieta,1
mitogenactiv,1
hevea,1
js,1
emscripten,1
itex2mml,1
hardi,1
inexact,1
disclos,1
makarov,1
clausen,1
chiantini,1
ikenmey,1
landsberg,1
ottaviani,1
richer,1
holey,1
descend,1
desnanot,1
supris,1
juxtapos,1
bevi,1
dahan,1
javascript,1
mathic,1
macropi,1
pypatt,1
ubiqu,1
oriented,1
bpas,1
subprogram,1
basin,1
npc,1
trivum,1
sha,1
keccak,1
decidabilti,1
martin,1
axiomatiz,1
wen,1
origami,1
justin,1
huzita,1
1991,1
pappian,1
conservat,1
equisatisfi,1
recden,1
regulargcd,1
adventur,1
spaceship,1
pedagogi,1
vignett,1
eysc,1
sister,1
unoffici,1
jon,1
borwein,1
attend,1
plantinga,1
veget,1
subregion,1
diagnol,1
paramer,1
geomathemat,1
laplacian,1
symmetriessimilar,1
curvetwo,1
unlucki,1
hansen,1
sengupta,1
gasieniec,1
ostrogradski,1
llumc,1
bene,1
multidistribut,1
nondetermin,1
redex,1
probabil,1
sextupli,1
telen,1
nonmonomi,1
tnf,1
plenti,1
spectrahedr,1
shadow,1
falsif,1
cicuit,1
chemcial,1
marz,1
ultil,1
inititi,1
sucess,1
falsifi,1
internship,1
fund,1
1940s,1
bank,1
ow,1
rst,1
nement,1
erenti,1
verhulst,1
lovasz,1
svartz,1
beforehand,1
rederiv,1
twodimension,1
fanat,1
misplac,1
insist,1
theta,1
lehavi,1
quer,1
unfamiliar,1
goldwass,1
kalai,1
rothblum,1
sent,1
passag,1
simultaen,1
ge1993algorithm,1
kauers2005algorithm,1
gaussoid,1
icm,1
rio,1
janeiro,1
v1,1
panelist,1
superflu,1
15th,1
fifteenth,1
austin,1
texa,1
usa,1
novemb,1
fmcad,1
eleven,1
unavoid,1
contour,1
juke,1
cantor,1
phylogenet,1
dilogarithm,1
ide,1
gru,1
tprs,1
unbind,1
bala,1
69,1
pedestrian,1
obscur,1
clumsi,1
mathemag,1
sloppi,1
advis,1
adob,1
acrobat,1
viewer,1
bosphorus,1
cnfs,1
emphlearn,1
mccoy,1
prais,1
pull,1
cope,1
aig,1
datastructur,1
booth,1
pancrea,1
powertrain,1
quadrupl,1
tank,1
cole,1
hariharan,1
02,1
ller,1
1968,1
approv,1
multiway,1
milner,1
gm,1
jjaacckkyy63,1
wadvimg,1
cam,1
mvs,1
10p,1
russian,1
academi,1
adiabat,1
marvel,1
intellectu,1
began,1
4000,1
coarser,1
cheaper,1
strata,1
kira,1
stark,1
floc,1
oxford,1
multiscal,1
neighbour,1
dt,1
sotd,1
trong,1
1706,1
06319,1
1112,1
4411,1
parametris,1
lacuna,1
leray,1
petrowski,1
atiyah,1
bott,1
gard,1
villard,1
untangl,1
stationari,1
undeserv,1
forgotten,1
upsid,1
liabl,1
tagless,1
painless,1
commit,1
edinburgh,1
lcf,1
pervas,1
recidiv,1
spns,1
spn,1
demograph,1
male,1
femal,1
unfair,1
penalis,1
logist,1
discount,1
determinantalrepresent,1
gear,1
sidestep,1
zm,1
job,1
decreasing,1
closed,1
multipartit,1
ideolog,1
alexanderimanicowenriv,1
onto,1
gt,1
queen,1
riddl,1
graeco,1
latin,1
bruce,1
396,1
405,1
pessimist,1
perforad,1
seismic,1
roe,1
anymor,1
ether,1
dollar,1
alien,1
evm,1
unreach,1
laser,1
plugin,1
sublim,1
quicksort,1
mergesort,1
ordered,1
append,1
moriyama,1
edmond,1
unweight,1
herebi,1
wason,1
lin,1
shoham,1
autoepistem,1
circumscript,1
possibilist,1
makinson,1
unman,1
aviat,1
aca,1
xu,1
henkin,1
tstp,1
deontic,1
gekel,1
narayanan,1
garai,1
papikian,1
eda,1
verifc,1
datapath,1
theoretician,1
alik,1
quest,1
recours,1
1923,1
bar,1
coupler,1
wampler,1
morgan,1
sommes,1
earn,1
matrici,1
clausal,1
deob,1
fuscat,1
dpll,1
souper,1
dead,1
bogus,1
somebodi,1
mysteri,1
victor,1
gudbj,1
orn,1
onsson,1
hopcroft,1
karp,1
legitim,1
resum,1
sixth,1
guesser,1
reachtub,1
wing,1
baer,1
nunziato,1
multicompon,1
interfaci,1
landmark,1
fifteen,1
1973,1
undiscov,1
multibas,1
bonus,1
shear,1
turritin,1
wasow,1
balser,1
a108307,1
intim,1
friperting,1
sei,1
shibata,1
takemura,1
ohara,1
nijenhui,1
poissongeometri,1
sagraloff,1
pellet,1
blanqui,1
defraud,1
gasless,1
reentranc,1
estat,1
yacc,1
postcondit,1
s5,1
salli,1
ann,1
fi,1
e1,1
e2,1
e3,1
fascin,1
ldlt,1
qualifi,1
1980s,1
thiel,1
swiercz,1
mainfram,1
supermini,1
roy,1
nonisomorph,1
drat,1
tautolog,1
rerun,1
nauti,1
reevalu,1
pso,1
stagnat,1
spent,1
anonym,1
ariti,1
stepsiz,1
underestim,1
reductionist,1
plagu,1
occam,1
razor,1
pointless,1
ekhad,1
enterpris,1
salienc,1
combat,1
jovanov,1
approch,1
dr,1
dubin,1
lfsrs,1
bivium,1
she,1
undergo,1
forti,1
apollonius,1
hernstein,1
wile,1
nz,1
randomis,1
200,1
nonidentifi,1
restricetd,1
1ode,1
steo,1
multius,1
waterfal,1
toplevel,1
jupyt,1
openmp,1
5x,1
unabl,1
judici,1
200k,1
enclos,1
blowup,1
prism,1
proxim,1
ppo,1
worthwhil,1
attempto,1
odel,1
reifi,1
inf,1
cifar10,1
socl,1
polish,1
tic,1
tac,1
toe,1
qbfs,1
hex,1
illeg,1
mileston,1
djelloul,1
dao,1
uhwirth,1
codatatyp,1
wealth,1
keymaera,1
reed,1
solomon,1
bulk,1
detriment,1
decomposablesparsesystem,1
culmin,1
oldest,1
envis,1
colleagu,1
actor,1
compound,1
gqa,1
spinless,1
schr,1
oding,1
allcomplexsolut,1
bin,1
hybridis,1
unfit,1
uclnlp,1
ctp,1
computatt,1
bournez,1
polyno,1
ourselv,1
bimolecular,1
toolchain,1
zonotop,1
aleksandrov,1
barlet,1
kersken,1
signic,1
sucient,1
certiabl,1
kuka,1
lbr,1
iiwa,1
29,1
1978,1
178,1
218,1
timepoint,1
8th,1
lorenzo,1
clement,1
alain,1
finkel,1
saclay,1
gallagh,1
roskild,1
imdea,1
neil,1
copenhagen,1
michael,1
leuschel,1
heinrich,1
hein,1
maurizio,1
proietti,1
iasi,1
cnr,1
andrzej,1
skowron,1
sophi,1
renault,1
epo,1
moa,1
johansson,1
chalmer,1
tarjan,1
realis,1
helmut,1
cassel,1
furtw,1
ngler,1
knebusch,1
takagi,1
himself,1
bysom,1
beseen,1
andtheir,1
noncommutativepicard,1
equationswith,1
lazili,1
friendli,1
forcibl,1
paramat,1
monomo,1
rv16,1
polyadd,1
rippl,1
fake,1
wrong,1
inward,1
cleaner,1
liu,1
zhan,1
emsoft,1
interferomet,1
lsi,1
per,1
566,1
084,1
686,1
depict,1
implaus,1
commongen,1
bleu,1
qa,1
regist,1
handcraft,1
forese,1
defend,1
alexnet,1
hing,1
autograd,1
jax,1
matrixcalculus,1
3500x,1
tait,1
influx,1
vendor,1
commerc,1
mullti,1
spiral,1
rhythmic,1
obius,1
aros,1
felt,1
biochemistri,1
compartment,1
pharmacolog,1
epidemiolog,1
ecolog,1
in,1
herbrand,1
defer,1
mse,1
fed,1
eureqa,1
condens,1
nilpot,1
prioriti,1
queue,1
scan,1
fugacci,1
kerber,1
ascent,1
effortless,1
coars,1
concycl,1
foci,1
12497,1
yu,1
rephras,1
experimentsbound,1
n3d2,1
song,1
goldman,1
charl,1
daunt,1
circumst,1
analyst,1
ran,1
scanner,1
eleventh,1
gcm,1
fertil,1
consortium,1
w3c,1
blank,1
poim,1
brother,1
nogneng,1
advers,1
postmarket,1
pharmacovigil,1
biomolecular,1
77,1
scaler,1
virus,1
atari,1
sqil,1
a2c,1
coinrun,1
fourfold,1
subsidiari,1
krull,1
interconvert,1
truli,1
multiplicand,1
primaci,1
kaminski,1
ntp,1
schouten,1
thirti,1
multivariateapart,1
1493804444499093354916284290188948031229880469556,1
deck,1
card,1
tribut,1
joe,1
az,1
renormaliz,1
lder,1
lipschitz,1
lojasiewicz,1
11th,1
kandri,1
rodi,1
kapur,1
lichtblau,1
cabay,1
symsac,1
quo,1
qs,1
cvv20,1
fglm93,1
interreduct,1
ast,1
2000,1
onhag,1
schlesing,1
posterior,1
ofbiomed,1
smirnov,1
jupitersmight,1
indispens,1
79,1
compactifi,1
stationar,1
chronolog,1
head,1
lever,1
hunt,1
518670730718491,1
nonfloat,1
arctan,1
askconst,1
mesearch,1
rie,1
wolframalpha,1
acquaint,1
dialect,1
prioritis,1
freed,1
accident,1
valgrind,1
breakthrough,1
peter,1
hearn,1
multiplex,1
multiproject,1
ehrenprei,1
palamodov,1
heritag,1
obviat,1
explanet,1
backprop,1
monument,1
facad,1
therein,1
arena,1
upgrad,1
drone,1
aeronaut,1
reform,1
idtw,1
irep,1
imatch,1
uni,1
161,1
autolog,1
allogen,1
bone,1
marrow,1
transplant,1
albuminuria,1
151,1
sqrt,1
936,1
33,1
600,1
536,1
auc,1
youden,1
eigenvaluesolv,1
elast,1
lascoux,1
said,1
chomski,1
schutzenberg,1
quillen,1
fem,1
arabshahi,1
singh,1
anandkumar,1
artifactu,1
doubt,1
multiparamet,1
crise,1
gerasimov,1
caputo,1
oscillogram,1
damp,1
peifer,1
stillman,1
halpern,1
leistner,1
uninform,1
fragil,1
52,1
medium,1
coventri,1
kingdom,1
bio,1
burst,1
disambigu,1
quad,1
underconstrain,1
multivariatepowerseri,1
grobcov,1
gorenstein,1
vagu,1
orthant,1
strongest,1
atlas,1
unverifi,1
hacl,1
honour,1
occas,1
retir,1
universit,1
roma,1
vergata,1
eptc,1
320,1
subarea,1
septemb,1
myself,1
2003,1
withstand,1
perceiv,1
casp,1
altitud,1
alert,1
avion,1
kbs,1
tertiari,1
didact,1
vespo,1
intact,1
untrust,1
cheapli,1
redo,1
1tb,1
5000x,1
20x,1
parabol,1
softwarecompetit,1
dimac,1
undera,1
permiss,1
editionsof,1
outbreak,1
sar,1
cov,1
impedi,1
infect,1
lockdown,1
hotspot,1
alia,1
craft,1
worldtre,1
pairwis,1
zadoff,1
zc,1
valueslead,1
psd,1
nonclos,1
recogniz,1
polyzeta,1
rightmost,1
dnf,1
ic,1
incom,1
opencor,1
trusthub,1
synopsi,1
40x,1
52x,1
interf,1
unresolv,1
pn,1
pt,1
inhibitor,1
bachet,1
av,1
massag,1
mega,1
milli,1
tycho,1
brahe,1
astronom,1
slidesl,1
38986142,1
mid,1
msc,1
renegar,1
diminish,1
harbor,1
135,1
1961,1
neimark,1
sacker,1
monopolist,1
lma,1
kirkup,1
sulliv,1
tracer,1
neo,1
davidsonian,1
wordnet,1
squad,1
specroscopi,1
door,1
jupit,1
dimensionless,1
spectroscopi,1
courtoi,1
meier,1
dispatch,1
worri,1
reoccur,1
hindsight,1
metaocaml,1
larus,1
gclc,1
esterov,1
hyperedg,1
wireless,1
nil,1
zdds,1
billion,1
harvest,1
roth,1
uroth,1
sciml,1
alle,1
hill,1
simplist,1
dogmat,1
stifl,1
phenomenolog,1
ham,1
horizon,1
timestep,1
mmln,1
cxr,1
emr,1
authorit,1
medicin,1
hospit,1
dong,1
soh,1
riesz,1
fej,1
ez,1
mora,1
bohemi,1
hessenberg,1
hypothet,1
27987,1
f4sat,1
confound,1
multisig,1
forsman,1
bounded,1
takeaway,1
dungeon,1
crawler,1
nle,1
gym,1
beat,1
bot,1
sagex,1
highlevel,1
humanread,1
idrid,1
will,1
criticis,1
cerebr,1
workspac,1
psycholog,1
coactiv,1
autogener,1
branchless,1
improp,1
mikhail,1
1871,1
1915,1
kharkiv,1
ukrain,1
150th,1
adjug,1
lsu,1
handi,1
ukma,1
irreconcil,1
prodigi,1
accommod,1
timescal,1
proxi,1
fabri,1
recondit,1
60s,1
kushnirenko,1
crux,1
homonym,1
offshoot,1
peak,1
stall,1
aerodynam,1
fli,1
sacrif,1
cos,1
petrovski,1
piskunov,1
perceptu,1
hallmark,1
doodl,1
quickdraw,1
omniglot,1
exemplar,1
disconnect,1
7215,1
unconvent,1
fabner,1
wikidata,1
crowdsourc,1
invalu,1
65000,1
rethink,1
trss,1
1d,1
spring,1
combinatorialist,1
echet,1
illus,1
trustabl,1
undon,1
invoc,1
worker,1
beowulf,1
appel,1
tiwari,1
verbel,1
pqcrypto,1
kipni,1
shamir,1
pl,1
ucker,1
barelli,1
couvreur,1
cbc,1
toselect,1
shorten,1
absorb,1
homotopycontinu,1
vex,1
backfil,1
treasur,1
drain,1
landfil,1
riccati,1
unwieldi,1
1874,1
photo,1
dall,1
kirillov,1
neretin,1
partner,1
kitchen,1
siegel,1
remind,1
underspecifi,1
jourdan,1
lay,1
insecur,1
multistationari,1
alloster,1
enzym,1
screen,1
sociolog,1
id,1
elic,1
infus,1
zx,1
cda,1
tum,1
mqt,1
bend,1
bitwis,1
pantiled,1
comparis,1
unsuit,1
midi,1
listen,1
aesthet,1
pleas,1
immateri,1
10th,1
tenth,1
affili,1
iclp,1
cp,1
taca,1
vmcai,1
cade,1
ijcar,1
supercompil,1
refactor,1
germani,1
leakag,1
vectoris,1
strang,1
24x,1
repackag,1
jovanovi,1
flajolet,1
odlyzko,1
wrt,1
wait,1
son,1
nutshel,1
apriori,1
segva,1
65,1
ngyuen,1
consequenti,1
ie,1
fedavg,1
dissimilar,1
plnns,1
xor,1
rosenfeld,1
supersed,1
mandelbrot,1
alamo,1
adsorpt,1
hinder,1
inventor,1
surmount,1
quicker,1
1971,1
unproven,1
sparser,1
sophistz,1
conca,1
valla,1
matriceswid,1
interestin,1
ofpolynomi,1
thesematric,1
sss,1
hss,1
beadapt,1
replacesthreshold,1
andtim,1
supportedbi,1
wegiv,1
aspars,1
reintroduc,1
unsurpris,1
nullifi,1
popescu,1
bousquet,1
elou,1
jehann,1
bostan,1
brand,1
propoli,1
direttissimo,1
destroy,1
monski,1
washnitz,1
synonym,1
polysemi,1
bilstm,1
afqmc,1
lingual,1
pawsx,1
paraphras,1
erni,1
16m,1
ethic,1
contempl,1
priorit,1
biomechan,1
dock,1
penalti,1
deepproblog,1
50th,1
hammer,1
vampir,1
deepir,1
nonpolynomi,1
qbee,1
hyperreduct,1
markovian,1
decentralis,1
cartpol,1
omnipres,1
toca,1
oberg,1
interdepend,1
snapback,1
repel,1
york,1
marotto,1
advertis,1
sixti,1
ramif,1
katz,1
synerg,1
incent,1
feuerbach,1
stepwis,1
unfeas,1
bartocciks19,1
moosbruggeretal2022,1
charlier,1
gc,1
mathieu,1
nlde,1
mathrepo,1
mis,1
mpg,1
operationsfordalgebraicfunct,1
lingua,1
subtyp,1
hyperparamet,1
unexplor,1
warm,1
adafactor,1
adam,1
radam,1
mission,1
arm,1
humanoid,1
fabric,1
democrat,1
empiricalbench,1
planner,1
tur,1
nian,1
fox,1
grand,1
keen,1
bide,1
vocabulari,1
95,1
dividend,1
disput,1
nhane,1
cdc,1
anthropometr,1
fat,1
denef,1
lipshitz,1
sharif,1
woodcok,1
haras,1
delign,1
lefschetz,1
laptop,1
utter,1
resnet50,1
svrt,1
calc,1
viscoelast,1
kelvin,1
voigt,1
rayleigh,1
lamb,1
extraordinari,1
cumul,1
msr,1
vtt,1
activitynet,1
npa,1
tamarin,1
akiss,1
shorter,1
stepgam,1
gscan,1
adept,1
nonboolean,1
fluent,1
nonmonoton,1
ferrari,1
lifschitz,1
restor,1
gerhold,1
faddeev,1
leverri,1
souriau,1
denn,1
akrem,1
adulthood,1
qed,1
boast,1
hagen,1
poiseuill,1
massachusett,1
indici,1
spacer,1
159,1
136,1
kinom,1
knock,1
phosphoproteom,1
therapeut,1
milp,1
deliveri,1
platoon,1
retrospect,1
fourteenth,1
gandalf,1
trilog,1
krn,1
sib,1
musicxml,1
leitmotif,1
humdrum,1
harmoni,1
prolif,1
multimedia,1
hive,1
avenu,1
inaccur,1
harm,1
reductio,1
absurdum,1
xf,1
mlns,1
unevalu,1
wishart,1
backbon,1
dissert,1
ventral,1
hummel,1
countri,1
policymak,1
unbalanc,1
transmit,1
millimet,1
5th,1
5g,1
angular,1
sweet,1
spot,1
7m,1
61k,1
indoor,1
googl,1
r1cs,1
axe,1
pfcs,1
inconsequenti,1
overlaid,1
travel,1
trajgan,1
disregard,1
miscalcul,1
fish,1
radianc,1
mit,1
tim,1
salzmann,1
dehomogen,1
renew,1
redefin,1
uncu,1
agener,1
artefact,1
roja,1
stride,1
eron,1
severi,1
imped,1
consecut,1
icon,1
pong,1
k4ntz,1
blip,1
med,1
prolifer,1
dolc,1
ekman,1
framest,1
crossmod,1
diagnos,1
road,1
inventori,1
reservoir,1
quasilinear,1
widen,1
cosin,1
rust,1
referenti,1
profici,1
roger,1
ramanujan,1
unnatur,1
asymmetri,1
tissu,1
qualif,1
semismooth,1
sagbi,1
els,1
300,1
thenc,1
unaffect,1
theorit,1
foreseen,1
parent,1
dissect,1
iwata,1
oki,1
takamatsu,1
vsas,1
einsiedl,1
lind,1
judgement,1
diver,1
laurenok24,1
nsaqa,1
colimit,1
epimorph,1
retract,1
cospan,1
inquir,1
intak,1
lyakhov,1
michel,1
bluman,1
kumei,1
promulg,1
interocept,1
exterocept,1
constructionist,1
evok,1
venu,1
erp,1
cohes,1
pessim,1
ant,1
confeder,1
hyperarithmet,1
manycas,1
reexamin,1
budget,1
melodi,1
qss,1
exascal,1
react,1
multipuls,1
ignit,1
amrex,1
combust,1
pelephys,1
cousin,1
higg,1
hadron,1
rf,1
186,1
001,1
llm4ed,1
grayscal,1
dsec,1
mvsec,1
kosambi,1
spark,1
datalog,1
xsb,1
clingo,1
lmi,1
uneven,1
endeavor,1
homophili,1
unlimit,1
alongsid,1
undetermin,1
joker,1
sacrific,1
fekeshazi,1
penal,1
farm,1
ana,1
lytic,1
rotor,1
prevail,1
hamper,1
delv,1
profession,1
traffic,1
resili,1
defens,1
anticipatori,1
rainer,1
sinn,1
gessel,1
evidenc,1
clevr,1
dub,1
pol,1
trig,1
haohanzou,1
helmer,1
nanda,1
pretrain,1
il,1
vanilla,1
tunabl,1
tradeoff,1
vrf,1
catastroph,1
forget,1
ibm,1
mathvista,1
mathvers,1
neglect,1
5k,1
67,1
masteri,1
cm,1
4o,1
lmm,1
inclin,1
hanrot,1
quercia,1
zimmerman,1
modest,1
nsm,1
wear,1
headset,1
undertak,1
nfex,1
orb,1
sift,1
roll,1
shutter,1
inerti,1
imus,1
nlls,1
martiro,1
rss,1
43x,1
31x,1
sommer,1
cvpr,1
gbp,1
semisimpl,1
coxet,1
1950s,1
knot,1
knutson,1
tao,1
woodward,1
wherein,1
referenc,1
copra,1
2024,1
plu,1
land,1
astrodynam,1
quarkon,1
gluonic,1
swift,1
dichotomi,1
actr,1
passiv,1
curios,1
extrins,1
virtuous,1
vasconcelo,1
alphaintegr,1
logit,1
toxic,1
conlang,1
ipa,1
48,1
mmlu,1
gaokao,1
mcq,1
labor,1
ineffect,1
pind,1
denois,1
overfit,1
loewi,1
destruct,1
dwyer,1
collegu,1
ctl,1
qre,1